{
  "best_params": {
    "hidden_size": 64,
    "num_layers": 2,
    "dropout": 0.1,
    "learning_rate": 0.001,
    "batch_size": 16
  },
  "train_losses": [
    0.023192570116464282,
    0.01635225773333831,
    0.016247222322578494,
    0.015732626688612958,
    0.015821678352712615,
    0.01578209731718502,
    0.01527146411998977,
    0.01437384628324319,
    0.014052899759776312,
    0.012629132556208506,
    0.011075669887912153,
    0.010173793035421642,
    0.008655965547042345,
    0.007310213423088977,
    0.006417288170382848,
    0.0055975860219920305,
    0.0049899215597010455,
    0.004520856440977606,
    0.0043090804073583795,
    0.0041137853042715064,
    0.0036612834656239955,
    0.0032058008908913273,
    0.003494373928547783,
    0.0027592460453314217,
    0.0029869490476117414,
    0.0030120026197968364,
    0.0029846699054955146,
    0.0028000527462994397,
    0.0028206817619400425,
    0.0028855361625462314,
    0.0027144398128282382,
    0.0025994145140147543,
    0.0027579662703995345,
    0.002365158714282847,
    0.002670474164313733,
    0.002191165272414306,
    0.0025866177634167997,
    0.002312511208445011,
    0.002084508850583503,
    0.0025553267644916693,
    0.0026359010350955813,
    0.0021966846901509108,
    0.004867894567632675,
    0.0024785366642258518,
    0.0023415351773344944,
    0.0022605403919032027,
    0.0019336277939948747,
    0.002142816606426453,
    0.0023165768804407926,
    0.0020153809750273494,
    0.0019708985212885713
  ],
  "val_losses": [
    0.01614026706882341,
    0.01559527745188842,
    0.016339993088094647,
    0.014445302596445693,
    0.014936974358766578,
    0.014175547445247079,
    0.014104149876931293,
    0.02054840049890498,
    0.011987942762315533,
    0.009779895496078182,
    0.008829362073176823,
    0.008320380145072028,
    0.0065990133917630586,
    0.004409185198520116,
    0.005768263399828399,
    0.0032003926327127184,
    0.002709521601371857,
    0.003958517163524913,
    0.004328035247961579,
    0.002072293246719921,
    0.0034234427410749133,
    0.0020809044924748757,
    0.0019567371738619757,
    0.0017886956027427384,
    0.004085380496013216,
    0.0041155458582283625,
    0.0020485904438659374,
    0.0017590655256225186,
    0.003368077430126885,
    0.002618134890812947,
    0.001894750784971578,
    0.00531205648778353,
    0.004205808954497496,
    0.0018747522295005945,
    0.0036915441875841446,
    0.0017257005067306658,
    0.004304814685764181,
    0.0018102866330124482,
    0.0029543372376031394,
    0.0017547581690366292,
    0.0027266432657068987,
    0.0017782232705855655,
    0.00228356278290279,
    0.0018140785297958268,
    0.003586131143810087,
    0.0018264391271026568,
    0.0019711912245838903,
    0.0017360440146741132,
    0.002204212549258955,
    0.0019546463330232995,
    0.0018996598705281178
  ],
  "test_results": {
    "rmse": 0.35191504497901166,
    "mae": 0.28164079785346985,
    "r2": 0.8672260642051697
  },
  "training_time": 867.3554999828339,
  "training_date": "2025-08-23T11:36:31.163900"
}