{
  "best_value": 0.0017659268755539272,
  "best_params": {
    "hidden_size": 64,
    "num_layers": 2,
    "dropout": 0.1,
    "learning_rate": 0.001,
    "batch_size": 16
  },
  "n_trials": 11,
  "optimization_time": "2025-08-23T11:15:20.773640"
}