{
  "train_accuracy": 1.0,
  "test_accuracy": 1.0,
  "cv_accuracy_mean": 1.0,
  "cv_accuracy_std": 0.0,
  "train_roc_auc": 1.0,
  "test_roc_auc": 1.0,
  "feature_importance": {
    "Month": 0.05927629076680528,
    "05OC001_x": 0.32969933807544566,
    "05OC001_y": 0.0030935836507527664,
    "05OC011_y": 0.0014297982236964335,
    "05OC012_y": 0.004292591429153664,
    "DayOfYear": 0.15027776916883018,
    "WeekOfYear": 0.07660844544578778,
    "day_of_year_sin": 0.01597929047394681,
    "day_of_year_cos": 0.019652055713293332,
    "month_sin": 0.0028873014499137006,
    "month_cos": 0.02041942004603885,
    "temp_anomaly": 0.002024712045976587,
    "flow_change": 0.024225196555080073,
    "flow_volatility": 0.06325357105908383,
    "flow_peak": 0.193573169075284,
    "flow_corr_2_3": 0.005352196268209077,
    "flow_corr_2_4": 0.0057203893845798074,
    "flow_corr_2_5": 0.0026821495083749077,
    "flow_corr_3_5": 0.015395360991727513,
    "flow_corr_4_5": 0.00415737066801966
  }
}